<?xml version="1.0" encoding="UTF-8"?>
<project-private xmlns="http://www.netbeans.org/ns/project-private/1">
    <editor-bookmarks xmlns="http://www.netbeans.org/ns/editor-bookmarks/2" lastBookmarkId="0"/>
    <open-files xmlns="http://www.netbeans.org/ns/projectui-open-files/2">
        <group>
            <file>file:/C:/Users/usar/OneDrive/Documents/NetBeansProjects/oop%20projicet%20mo/src/oop/projicet/mo/TrayException.java</file>
            <file>file:/C:/Users/usar/OneDrive/Documents/NetBeansProjects/oop%20projicet%20mo/src/oop/projicet/mo/WasteTray.java</file>
            <file>file:/C:/Users/usar/OneDrive/Documents/NetBeansProjects/oop%20projicet%20mo/src/oop/projicet/mo/DataBase.java</file>
            <file>file:/C:/Users/usar/OneDrive/Documents/NetBeansProjects/oop%20projicet%20mo/src/oop/projicet/mo/BeansTank.java</file>
            <file>file:/C:/Users/usar/OneDrive/Documents/NetBeansProjects/oop%20projicet%20mo/src/oop/projicet/mo/Logger.java</file>
            <file>file:/C:/Users/usar/OneDrive/Documents/NetBeansProjects/oop%20projicet%20mo/src/oop/projicet/mo/WaterTank.java</file>
            <file>file:/C:/Users/usar/OneDrive/Documents/NetBeansProjects/oop%20projicet%20mo/src/oop/projicet/mo/Menu.java</file>
            <file>file:/C:/Users/usar/OneDrive/Documents/NetBeansProjects/oop%20projicet%20mo/src/oop/projicet/mo/Grinder.java</file>
            <file>file:/C:/Users/usar/OneDrive/Documents/NetBeansProjects/oop%20projicet%20mo/src/oop/projicet/mo/Coffee.java</file>
            <file>file:/C:/Users/usar/OneDrive/Documents/NetBeansProjects/oop%20projicet%20mo/src/oop/projicet/mo/BeansException.java</file>
            <file>file:/C:/Users/usar/OneDrive/Documents/NetBeansProjects/oop%20projicet%20mo/src/oop/projicet/mo/Machine.java</file>
            <file>file:/C:/Users/usar/OneDrive/Documents/NetBeansProjects/oop%20projicet%20mo/src/oop/projicet/mo/CoffeeMachine.java</file>
            <file>file:/C:/Users/usar/OneDrive/Documents/NetBeansProjects/oop%20projicet%20mo/src/oop/projicet/mo/WaterException.java</file>
        </group>
    </open-files>
</project-private>
